Note Title,Created,Status,Topic,Updated
Background for WWI,"February 8, 2021 2:15 PM",Reviewed,WWI,"August 31, 2021 10:19 AM"
Treaty of Versailles (TOV),"February 8, 2021 4:09 PM",Reviewed,WWI,"August 31, 2021 10:19 AM"
Differing Aims of motivations of countries involved,"February 9, 2021 8:58 PM",Reviewed,WWI,"August 31, 2021 10:19 AM"
League of Nations,"February 18, 2021 9:26 AM",Reviewed,LoN,"October 12, 2021 9:16 PM"
Causes of WWI,"February 25, 2021 9:32 AM",Reviewed,WWI,"August 31, 2021 10:19 AM"
Communism v Capitalism v Socialism,"March 29, 2021 10:34 AM",Reviewed,stalin,"September 23, 2021 9:27 PM"
The Rise of Stalin,"March 31, 2021 1:01 PM",Reviewed,stalin,"September 23, 2021 11:37 PM"
Paris Peace Conference,"April 15, 2021 9:50 AM",Reviewed,WWI,"August 31, 2021 10:19 AM"
" ","August 17, 2021 10:12 AM",,meta,"September 15, 2021 1:24 PM"
Weimar republic,"August 25, 2021 12:47 PM",Reviewed,hitler,"September 23, 2021 11:38 PM"
Facism vs Nazism,"September 15, 2021 1:09 PM",Reviewed,hitler,"September 15, 2021 1:10 PM"
Nazi party,"September 15, 2021 1:15 PM",Reviewed,hitler,"September 28, 2021 11:13 PM"
The rise of Hitler,"September 22, 2021 11:59 AM",Reviewed,hitler,"October 12, 2021 9:24 PM"
Chancellor to Dictator,"September 30, 2021 2:10 PM",Reviewed,hitler,"September 30, 2021 3:07 PM"
Hitler's impact,"September 30, 2021 2:46 PM",Reviewed,hitler,"January 17, 2022 12:46 PM"
weaknesses of the league,"January 17, 2022 12:45 PM",Reviewed,WWII,"March 3, 2022 12:34 AM"
Rise of Mussolini,"January 20, 2022 1:07 PM",Reviewed,WWII,"February 4, 2022 9:17 AM"
Invasion of Abyssinia,"January 20, 2022 1:12 PM",Reviewed,WWII,"February 3, 2022 1:32 PM"
Appeasement Policy,"February 3, 2022 1:11 PM",Reviewed,WWII,"February 18, 2022 4:06 PM"
Hitler’s Expasionist Foreign Policy,"February 3, 2022 1:11 PM",Reviewed,WWII,"February 18, 2022 3:55 PM"
Nazi-Soviet Pact,"February 3, 2022 1:11 PM",Reviewed,WWII,"February 19, 2022 1:10 AM"
Breaking out of WWII,"February 10, 2022 3:24 PM",Reviewed,WWII,"March 8, 2022 2:39 PM"
Rise of Military Japan,"March 3, 2022 1:25 PM",Reviewed,Military Japan,"March 23, 2022 1:22 PM"
Early,"March 7, 2022 12:54 PM",Open,Military Japan,"March 23, 2022 12:03 PM"
Failure of Democracy,"March 7, 2022 1:03 PM",Open,Military Japan,"March 23, 2022 12:03 PM"
Militarism,"March 10, 2022 3:21 PM",Open,Military Japan,"March 23, 2022 1:04 PM"
Japan’s Expansionist Foreign Policy,"March 23, 2022 12:56 PM",Open,Military Japan,"March 23, 2022 1:09 PM"
Weaknesses of the League of Nations,"March 23, 2022 1:10 PM",Open,Military Japan,"March 23, 2022 1:20 PM"
Worsening Relations with the USA,"March 23, 2022 1:21 PM",Open,Military Japan,"March 24, 2022 11:00 AM"
Attack on Pearl Harbour,"March 24, 2022 11:00 AM",Open,Military Japan,"March 24, 2022 11:24 AM"
Early Axis successes,"March 30, 2022 12:48 PM",Open,WWII (Part 2),"March 30, 2022 1:34 PM"
Germany’s Defeat,"April 6, 2022 1:07 PM",Open,WWII (Part 2),"April 6, 2022 1:23 PM"