Topic,Note Title,Status,Created,Updated
meta," ",,"August 17, 2021 10:12 AM","September 15, 2021 1:24 PM"
WWI,Paris Peace Conference,Reviewed,"April 15, 2021 9:50 AM","August 31, 2021 10:19 AM"
WWI,Causes of WWI,Reviewed,"February 25, 2021 9:32 AM","August 31, 2021 10:19 AM"
WWI,Differing Aims of motivations of countries involved,Reviewed,"February 9, 2021 8:58 PM","August 31, 2021 10:19 AM"
WWI,Treaty of Versailles (TOV),Reviewed,"February 8, 2021 4:09 PM","August 31, 2021 10:19 AM"
WWI,Background for WWI,Reviewed,"February 8, 2021 2:15 PM","August 31, 2021 10:19 AM"
LoN,League of Nations,Reviewed,"February 18, 2021 9:26 AM","October 12, 2021 9:16 PM"
stalin,Communism v Capitalism v Socialism,Reviewed,"March 29, 2021 10:34 AM","September 23, 2021 9:27 PM"
stalin,The Rise of Stalin,Reviewed,"March 31, 2021 1:01 PM","September 23, 2021 11:37 PM"
hitler,Facism vs Nazism,Reviewed,"September 15, 2021 1:09 PM","September 15, 2021 1:10 PM"
hitler,Weimar republic,Reviewed,"August 25, 2021 12:47 PM","September 23, 2021 11:38 PM"
hitler,Nazi party,Reviewed,"September 15, 2021 1:15 PM","September 28, 2021 11:13 PM"
hitler,Chancellor to Dictator,Reviewed,"September 30, 2021 2:10 PM","September 30, 2021 3:07 PM"
hitler,The rise of Hitler,Reviewed,"September 22, 2021 11:59 AM","October 12, 2021 9:24 PM"
hitler,Hitler's impact,Reviewed,"September 30, 2021 2:46 PM","January 17, 2022 12:46 PM"
WWII,Invasion of Abyssinia,Reviewed,"January 20, 2022 1:12 PM","February 3, 2022 1:32 PM"
WWII,Rise of Mussolini,Reviewed,"January 20, 2022 1:07 PM","February 4, 2022 9:17 AM"
WWII,Hitler’s Expasionist Foreign Policy,Reviewed,"February 3, 2022 1:11 PM","February 18, 2022 3:55 PM"
WWII,Appeasement Policy,Reviewed,"February 3, 2022 1:11 PM","February 18, 2022 4:06 PM"
WWII,Nazi-Soviet Pact,Reviewed,"February 3, 2022 1:11 PM","February 19, 2022 1:10 AM"
WWII,weaknesses of the league,Reviewed,"January 17, 2022 12:45 PM","March 3, 2022 12:34 AM"
WWII,Breaking out of WWII,Reviewed,"February 10, 2022 3:24 PM","March 8, 2022 2:39 PM"
Military Japan,Rise of Military Japan,Reviewed,"March 3, 2022 1:25 PM","March 23, 2022 1:22 PM"
Military Japan,Failure of Democracy,Open,"March 7, 2022 1:03 PM","March 23, 2022 12:03 PM"
Military Japan,Early,Open,"March 7, 2022 12:54 PM","March 23, 2022 12:03 PM"
Military Japan,Militarism,Open,"March 10, 2022 3:21 PM","March 23, 2022 1:04 PM"
Military Japan,Japan’s Expansionist Foreign Policy,Open,"March 23, 2022 12:56 PM","March 23, 2022 1:09 PM"
Military Japan,Weaknesses of the League of Nations,Open,"March 23, 2022 1:10 PM","March 23, 2022 1:20 PM"
Military Japan,Worsening Relations with the USA,Open,"March 23, 2022 1:21 PM","March 24, 2022 11:00 AM"
Military Japan,Attack on Pearl Harbour,Open,"March 24, 2022 11:00 AM","March 24, 2022 11:24 AM"
WWII (Part 2),Early Axis successes,Open,"March 30, 2022 12:48 PM","March 30, 2022 1:34 PM"
WWII (Part 2),Germany’s Defeat,Open,"April 6, 2022 1:07 PM","April 6, 2022 1:23 PM"